class_id,class_name,color,km_pixels,km_pct,km_area_km2,gmm_pixels,gmm_pct
0,Water,#1565C0,720,5.0,892.2342527999999,720,5.0
1,Snow/Ice,#E3F2FD,1688,11.722222222222223,2091.79363712,1802,12.513888888888888
2,Bare Rock,#795548,3415,23.71527777777778,4231.916629599999,3437,23.868055555555557
3,Sparse Veg,#FFC107,4601,31.951388888888886,5701.624718239999,4364,30.305555555555557
4,Dense Veg,#2E7D32,3976,27.611111111111107,4927.1158182399995,4077,28.3125
